episode_id,status,date,series,title,speaker,minutes,passage,other_refs_in_desc,overridden,spotify_title
0Ylm7iCuhkHmHdEreS7A0z,mapped,2026-09-28,,Rule of Life,Tyler Staton and Gavin Bennett,49,Matthew 11:28-30,,,Rule of Life
1a3clD9r8HDRKIgpu3zL9c,mapped,2026-09-21,,Together in Portland,Tyler Staton,42,John 15:9-14,,,Together in Portland
7kurSnyvZJUxS5CfUPQQVY,mapped,2026-09-14,,Practicing the Way of Jesus,Tyler Staton,42,John 5:1-9,,,Practicing the Way of Jesus
1zy5J9VsRA1tH2A6pWwxDz,mapped,2026-09-07,,Dinah & God Restores Jacob,Todd Liles,50,Genesis 34,,,Dinah & God Restores Jacob
6Bdor4kt2F1oaOFyXHsMYT,mapped,2026-08-31,,Wrestle & Reconciliation,Tyler Staton,49,Genesis 32:22-32,,,Wrestle & Reconciliation
3BccHmrgZjZugrF8GdF4NK,mapped,2026-08-24,,Foreshadowing Reconciliation,Nijay Gupta,51,Genesis 31:17-32:1,,,Foreshadowing Reconciliation
2hjWEKDiDKNginypyRUzST,mapped,2026-08-17,,The Origin of the 12 Tribes,Gavin Bennett,43,Genesis 30:27-28,,,The Origin of the 12 Tribes
0zse9i8M9AElFa6UigaFEi,mapped,2026-08-10,,Stairway to Heaven,Tyler Staton,50,Genesis 28:10-22,,,Stairway to Heaven
2k772OVe02AcMY5b3DWmXJ,mapped,2026-08-02,,Stealing the Blessing,Tyler Staton,43,Genesis 27:6-10,,,Stealing the Blessing
0jJmk7FrJVVxQkXmZEJEUq,mapped,2026-07-27,,"Esau, Jacob & The Birthright",Christian Dawson,44,Genesis 25:19-26:14,,,"Esau, Jacob & The Birthright"
53m2LcF463ePwD5R1yoUNF,mapped,2026-07-20,,Isaac & Rebekah,Joy Schlichter,39,Genesis 24:1-11,,,Isaac & Rebekah
1sXTorWaRgOIGzff9iA4Tr,mapped,2026-07-12,,The Sacrifice of Isaac,Tim Mackie,60,Genesis 22:1-19,,,The Sacrifice of Isaac
3k9vxIq9e15z4fzDvNNVu4,mapped,2026-07-06,,Intercession,Gavin Bennett,42,Genesis 18:16-33,,,Intercession
1SB6zMIJrBMxRgYfwQexdj,mapped,2026-06-29,,Left Out,Christian Dawson,43,Genesis 16:1-2,,,Left Out
4bRupvBtT5XbUnUFzHlMe6,mapped,2026-06-21,,Covenant Promise,Tyler Staton,47,Genesis 15,,,Covenant Promise
4DD4yABgyFbIATx6L2awZU,mapped,2026-06-15,,Melchizedek,Tyler Staton,44,Genesis 14:18-24,,,Melchizedek
3GaFgbJ4ClAUREtd19bU2f,mapped,2026-06-07,,The Failure of Abram in Egypt,Tyler Staton,49,Genesis 12:10-20,,,The Failure of Abram in Egypt
4OcIEz6cH4ojd2ACmX3b0E,mapped,2026-06-01,,The Call of Abram,Tim Mackie and Tyler Staton,57,Genesis 11:27-12:9,,,The Call of Abram
2FdteR0w8iC9JlNsbNrdKy,mapped,2026-05-25,Love in Action: Peter,Pentecost Sunday,Gerald Griffin,45,John 21:1-17,,,Love in Action: Peter | Pentecost Sunday
4j0yETG9giEOi9vRI2fltl,mapped,2026-05-17,Love,Speaking and Acting in the Spirit,Pete Greig,42,1 John 3:11,,,Love: Speaking and Acting in the Spirit
4K1uQr08Ne3cx5djR1dmDf,mapped,2026-05-10,Hope in Action,Mary,Joy Schlichter,40,John 20:11-18,,,Hope in Action: Mary
6Q2Uf0v6aXCsiaoTVuYyrY,mapped,2026-05-04,Hope,Hearing God Speak in Darkness,Gavin Bennett,53,Psalm 130,,,Hope: Hearing God Speak in Darkness
1g66055Xn7jsPp8HGxAjx5,mapped,2026-04-26,Faith in Action,Thomas,Hakeem Bradley,38,John 20:24-29,,,Faith in Action: Thomas
5dt8bO8qav0CoQFB52g4Vp,mapped,2026-04-19,Faith,Seeing Beyond Sight,Tyler Staton,50,Hebrews 11:1-3,,,Faith: Seeing Beyond Sight
3Zzj6FfMVJFqLKt7F6qrHu,mapped,2026-04-12,Introduction,"Faith, Hope and Love",Bethany Allen,50,1 Corinthians 13:1-13,,,"Introduction: Faith, Hope and Love"
1YXrgUQwSbDbxMzy8Iy77p,mapped,2026-04-06,Easter,2026,Tyler Staton,44,John 20:1-10,,,Easter - 2026
6N27e4Bjq94hILYlG7zmxS,excluded,2026-04-04,Good Friday Homily 2,Seed,Tyler Staton and Bethany Allen,8,John 12:24,,,Good Friday Homily 2 - Seed
1ZGisQ74p0QxyduhjdQMQm,excluded,2026-04-04,Good Friday Homily 1,Tree,Tyler Staton and Bethany Allen,13,Matthew 27:11-29,,,Good Friday Homily 1 - Tree
5mlNIElsxNSm85SHhQphUx,mapped,2026-03-30,The Good News About Our Bodies,"Sexuality, What Does The Bible Really Teach?",Tyler Staton,58,Matthew 19:4-6,,,"The Good News About Our Bodies: Sexuality, What Does The Bible Really Teach?"
0W1KYF9S22UfFxF637Ea3g,mapped,2026-03-23,The Good News About Our Bodies,"Sexuality, Acquired Taste",Tyler Staton,56,Psalm 34:8,,,"The Good News About Our Bodies: Sexuality, Acquired Taste"
4XBbprVQOnVIztoysXAmBS,mapped,2026-03-16,The Good News About Our Bodies,"Sexuality, The Cultural Story",Tyler Staton and Bethany Allen,50,Matthew 16:2-3,,,"The Good News About Our Bodies: Sexuality, The Cultural Story"
4ueDS7y5hEYTClBxChXot4,mapped,2026-03-08,The Good News About Our Bodies,"Sexuality, The Jesus Story",Tyler Staton,55,Revelation 19:6-7,,,"The Good News About Our Bodies: Sexuality, The Jesus Story"
62KDVLTYjZFdsbGPJ0LXAK,mapped,2026-03-02,The Good News About Our Bodies,Chronic Illness & Disability,Tyler Staton,52,Philippians 2:5-11,,,The Good News About Our Bodies: Chronic Illness & Disability
1vd9koYcr7fNES5Del8VQA,mapped,2026-02-22,The Good News About Our Bodies,Work,Tyler Staton,50,Genesis 1:27-28,Revelation 22:1-5,,The Good News About Our Bodies: Work
4Pr9rzTAYDfncmRjZGCNvd,excluded,2026-02-19,,Ash Wednesday Homily,,17,,,,Ash Wednesday Homily
2MncbwSjj7mQu7wkg8EQ7R,mapped,2026-02-16,7 Deadly Sins,Gluttony,Christian Dawson,43,John 6:47-58,,,7 Deadly Sins: Gluttony
5GEeNgLNg8W2wSzQlLBxSg,mapped,2026-02-08,7 Deadly Sins,Vanity,Tyler Staton and Bethany Allen,47,1 Corinthians 6:19-20,,,7 Deadly Sins: Vanity
17ylloG72nABhXUxdiB9Hv,mapped,2026-02-02,7 Deadly Sins,Sloth,Bethany Allen,49,Matthew 25:14-30,,,7 Deadly Sins: Sloth
2JMEhb7IJHz4OEKNREgA3P,mapped,2026-01-25,7 Deadly Sins,Pride,Ken Shigematsu,44,Daniel 4:4-9,,,7 Deadly Sins: Pride
167fRopwavHeRN3owUJPN8,mapped,2026-01-18,7 Deadly Sins,Greed,Tyler Staton,53,Luke 12:13-34,,,7 Deadly Sins: Greed
7GPIrQtsznJQixOLuP2gKU,mapped,2026-01-11,7 Deadly Sins,Anger,Christine Caine,49,Jonah 4:1-9,,,7 Deadly Sins: Anger
2nlnEqnh5kMtjHdrn6Cw6I,mapped,2026-01-04,7 Deadly Sins,Envy,Tyler Staton,49,Romans 7:7-12,,,7 Deadly Sins: Envy
0N3hC6wjbjh3gNXBDJsBZu,mapped,2025-12-26,First Light,Advent 2025 - Jesus (Christmas Eve),Tyler Staton,24,Luke 2:4-7,,,First Light: Advent 2025 - Jesus (Christmas Eve)
1uB9KbTlg8Ux1K1603c56e,mapped,2025-12-21,First Light,Advent 2025 - Mary (Love),Tyler Staton,46,Luke 1:26-38,,,First Light: Advent 2025 - Mary (Love)
3ZjQ05xEMaw1QvWBeVoKzz,mapped,2025-12-15,First Light,Advent 2025 - Innkeeper (Joy),Tyler Staton,39,Luke 2:1-12,,,First Light: Advent 2025 - Innkeeper (Joy)
69KP8Os6pWwaiN5QgrgxsS,mapped,2025-12-07,First Light,Advent 2025 - Elizabeth & Zechariah (Peace),Tyler Staton,48,Luke 1:56-66,,,First Light: Advent 2025 - Elizabeth & Zechariah (Peace)
3vYOTgBXwaqyOe0hW7N2wN,mapped,2025-12-01,First Light,Advent 2025 - Angels (Hope),Lucy Peppiatt,40,Luke 2:8-20,,,First Light: Advent 2025 - Angels (Hope)
1YbXW2LeOQc6TAdIXqgFFV,mapped,2025-11-23,A Prayer Shaped Life,Evening: Pray Examen,Tyler Staton,50,John 8:31-36,,,A Prayer Shaped Life - Evening: Pray Examen
1bR4N334yoYwG12IvKqsHv,mapped,2025-11-17,A Prayer Shaped Life,Midday: Pray Compassion,Tyler Staton,44,Revelation 5:8,Psalm 56:8,,A Prayer Shaped Life - Midday: Pray Compassion
0YynEwx4hJcRNHHC3OV9Vi,mapped,2025-11-10,A Prayer Shaped Life,Morning: Pray Scripture,Tyler Staton,52,John 8:31-36,,,A Prayer Shaped Life - Morning: Pray Scripture
6ZX4A41l68t9hiWIRaX9nO,mapped,2025-11-03,A Prayer Shaped Life,The Presence-Centered Life,Faith Eury,42,2 Samuel 6:6-11,,,A Prayer Shaped Life - The Presence-Centered Life
2rX0dOJGLpXIYcnsWUJb6k,mapped,2025-10-26,A Prayer Shaped Life,Prayer as “Doing What Jesus Did”,Tyler Staton,44,Luke 10:25-37,,,A Prayer Shaped Life - Prayer as “Doing What Jesus Did”
2dTnIoycQhrlS3JJ0lsl6B,mapped,2025-10-19,A Prayer Shaped Life,Sung Prayer as “Becoming like Jesus”,Christian Dawson,45,Colossians 1:28-29,,,A Prayer Shaped Life - Sung Prayer as “Becoming like Jesus”
2IilgHPkTAcHgjmBp75TfX,mapped,2025-10-13,A Prayer Shaped Life,Prayer as “Being with Jesus”,Tyler Staton,49,Mark 1:9-13,,,A Prayer Shaped Life - Prayer as “Being with Jesus”
47QMGwqXsZUwQlD7D0pL1n,mapped,2025-10-05,A Prayer Shaped Life,"Prayer as Be, Become, Do",Tyler Staton,53,Colossians 4:2-6,,,"A Prayer Shaped Life - Prayer as Be, Become, Do"
4H96D8XpdWVyvVQ1pUYqze,mapped,2025-09-29,In Portland as it is in Heaven,A Community of Counter-Formation,Tyler Staton,44,Matthew 5:48,,,In Portland as it is in Heaven - A Community of Counter-Formation
4FFGMj9lKWrCSmLK1whYrW,unmapped,2025-09-22,,Hospitality of Need with Kevan Chandler,,48,,,,Hospitality of Need with Kevan Chandler
0Pw32tqoKxLqKfgP0dRIi4,mapped,2025-09-21,In Portland as it is In Heaven,Rule of Life,Tyler Staton,54,John 15:9-17,,,In Portland as it is In Heaven - Rule of Life
4QWwjAaU55Hrr0on9WQzOW,mapped,2025-09-15,In Portland as it is in Heaven,Together in Portland,Bethany Allen and Gavin Bennett,44,Acts 2:42-47,,,In Portland as it is in Heaven - Together in Portland
6X0cO05PKZIGh5mBl1zyXy,mapped,2025-09-07,In Portland as it is in Heaven,Practicing the Way of Jesus,Tyler Staton,58,Matthew 7:13-14,,,In Portland as it is in Heaven - Practicing the Way of Jesus
3XNctCfwgDbpCMcZUzeGiH,mapped,2025-09-01,Genesis,The Father of Nations,Dave Lomas,46,Genesis 11,,,Genesis - The Father of Nations
4LIXDlpZ0n7XFXytzdRaEa,mapped,2025-08-24,Genesis,Living in Babel,Hakeem Bradley,47,Genesis 10,,,Genesis - Living in Babel
7H2i6dFzk0KcsfElScyT2V,mapped,2025-08-18,Genesis,"Genesis 9, The Other Fall",Tyler Staton,59,Genesis 9,,,"Genesis - Genesis 9, The Other Fall"
3KgRzGUUvHsWcaQHH0LzNM,mapped,2025-08-11,Genesis,"Who Is God, and Can I Trust Him?",Tyler Staton,56,Genesis 8,,,"Genesis - Who Is God, and Can I Trust Him?"
6L61fCGl2799XxGNitiGGu,mapped,2025-08-04,Genesis,"Noah’s Ark: Children’s Story, Divine Genocide, or Something Else?",Tyler Staton,55,Genesis 6,,,"Genesis - Noah’s Ark: Children’s Story, Divine Genocide, or Something Else?"
3c27Jf3mPrBLUm34ZBeAAZ,mapped,2025-07-27,Genesis,The Bloodline of Evil,Bethany Allen,44,Genesis 5,,,Genesis - The Bloodline of Evil
2Eb5e5ZLlSFbd2Hl8nWjzU,mapped,2025-07-20,Genesis,The Maturation and Multiplication of Evil,Gavin Bennett,39,Genesis 4,,,Genesis - The Maturation and Multiplication of Evil
3jq7rsew8EqVe0pg8wZQJj,mapped,2025-07-13,Genesis,Cain and Abel,Christian Dawson,44,Genesis 4,,,Genesis - Cain and Abel
2vJDRBFtjZirdVTsLtJNek,mapped,2025-07-06,Genesis,Fall,Josh Ryan,67,Genesis 3,,,Genesis - Fall
3EzbixijIjEikOWVafYyBi,mapped,2025-06-30,,Genesis 2v4-25,Tyler Staton,55,Genesis 2:4-25,,,Genesis 2v4-25
0kPjzWKvAdyCmpJcB1dKzn,mapped,2025-06-30,,Genesis 1v1-2v3,Tyler Staton and Tim Mackie,62,Genesis 1:1-2:3,,,Genesis 1v1-2v3
1W2ZLES3j0YnakPUR34bUQ,mapped,2025-06-15,God is Love,Relational Love,Bethany Allen,48,1 John 4,,,God is Love - Relational Love
3qRfk8ia02P9L6u71BbTgT,mapped,2025-06-08,God is Love,Creating Love,Gerald Griffin,42,Acts 2,1 John 4:8,,God is Love - Creating Love
39nXUIupypHC8YeYN6sDRq,mapped,2025-05-25,God is Love,Self-Giving Love,Gavin Bennett,42,John 15:9-13,1 John 4:8,,God is Love - Self-Giving Love
6zW1fYx9pK6nqyKL70QRE9,mapped,2025-05-19,God is Love,Rescuing Love,Tyler Staton,50,Colossians 1,1 John 4:8,,God is Love - Rescuing Love
4JkdTFTNQSJDXJoI7LKduo,mapped,2025-05-11,,An Ocean of Peace,,53,Colossians 3:15,,,An Ocean of Peace
4rFq8ysoAL4vnmcqEVq4a3,mapped,2025-05-04,,God is Love,Tyler Staton,53,1 John 4,,,God is Love
67W2e9OaHaTQPWvAru2Js3,mapped,2025-04-27,,Becoming Your True Self,Ken Shigematsu,40,Ephesians 3:14-19,,,Becoming Your True Self
5JJhY5WCecwXX4YrRJlbt5,mapped,2025-04-20,Easter,2025,Tyler Staton,42,Matthew 28:1-10,,,Easter - 2025
0s0E1CaYIom1ZsmAjGC43T,excluded,2025-04-19,Good Friday 2025,Homily 2,,6,,,,Good Friday 2025 - Homily 2
5MZaiZO4l5pdXZhInQmepo,excluded,2025-04-19,Good Friday 2025,Homily 1,,5,,,,Good Friday 2025 - Homily 1
2vWAY9CHoGcy8Ey6OWxxKU,mapped,2025-04-13,7 Letters,Laodicea,Tyler Staton,48,Revelation 3:14-22,,,7 Letters - Laodicea
3cua8I69b6wYhIc6riu7Fs,mapped,2025-04-07,7 Letters,Philadelphia,Gavin Bennett,35,Revelation 3:7-13,,,7 Letters - Philadelphia
24liOd7XAc9yvwy1j8bUHz,mapped,2025-03-31,HSC25,Session 6,Gemma Ryan,46,Mark 14:32-42,,,HSC25: Session 6
0kDl0bwyRRZQgyLLf6mOeH,unmapped,2025-03-31,HSC25,Session 5,,60,,,,HSC25: Session 5
3aaxCMTpRyIiJFqVJJ0E1t,mapped,2025-03-31,HSC25,Session 4,Tim Mackie,57,Psalm 139:7-12,,,HSC25: Session 4
4oPRdYPntjpeovHa2bx0l7,excluded,2025-03-31,HSC25,Session 3,Gemma Ryan and Tyler Staton,14,,,,HSC25: Session 3
2NUMKxF2oqmjpcBdRycuAd,mapped,2025-03-31,HSC25,Session 2,,57,2 Corinthians 5:1-10,,,HSC25: Session 2
2rgCwnXpVeUzxdUa9yLiFE,mapped,2025-03-31,HSC25,Session 1,,50,John 20:19-23,,,HSC25: Session 1
0gDYLrlW75NzBOkdf44FHP,mapped,2025-03-31,7 Letters,Sardis,Bethany Allen,55,Revelation 3:1-6,,,7 Letters - Sardis
2AjnnAieNWpKDdLVgVHrlG,mapped,2025-03-24,7 Letters,Thyatira,Tyler Staton,48,Revelation 2:18-28,,,7 Letters: Thyatira
5zyzJvzyHLMwDEGlOu5a9e,mapped,2025-03-17,7 Letters,Pergamum,Christian Dawson,39,Revelation 2:12-17,,,7 Letters: Pergamum
1SshhvG5BgY5aFJK1UqEJY,mapped,2025-03-10,7 Letters,Smyrna,Gerald Griffin,38,Revelation 2:8-11,,,7 Letters: Smyrna
1gXV8jjtofCOIZ8MOUHmc3,mapped,2025-03-02,7 Letters,Ephesus,Tyler Staton,51,Revelation 2:1-7,,,7 Letters: Ephesus
1pE6kdKR9bh8AmFV748jjT,mapped,2025-02-24,Beatitudes,Blessed are those who Hunger and Thirst for Righteousness,David Thomas,43,Matthew 5:6,,,Beatitudes: Blessed are those who Hunger and Thirst for Righteousness
0Vw54zQyaJrIrw6GS0eVhC,mapped,2025-02-17,Beatitudes,Blessed are the Peacemakers,David Bailey,57,Matthew 5:9,,,Beatitudes: Blessed are the Peacemakers
1DkTDa3xlgPUWE4vWIy1Jd,mapped,2025-02-12,Beatitudes,Blessed are Those Who Mourn,,47,Matthew 5:4,,,Beatitudes: Blessed are Those Who Mourn
5rdoc1bapaYw34FQS1KX4I,mapped,2025-02-03,Beatitudes,Blessed are the Merciful,,48,Matthew 5:7,,,Beatitudes: Blessed are the Merciful
1fHS9ek9lpcJSlyINuJsqU,mapped,2025-01-26,Beatitudes,Blessed are the Meek,,49,Matthew 5:5,,,Beatitudes: Blessed are the Meek
3glBo3DLFTKLqCnR6xBGpp,mapped,2025-01-20,Beatitudes,Blessed are Those Who Are Persecuted,,50,Matthew 5:10-12,,,Beatitudes: Blessed are Those Who Are Persecuted
6dpztBkJZ295gamiIpsWQQ,mapped,2025-01-12,Beautitudes,Blessed are the Pure in Heart,,48,Matthew 5:8,,,Beautitudes: Blessed are the Pure in Heart
7IxH5u9zDTOXHKVYa3BsJP,mapped,2025-01-06,Beatitudes,Blessed are the Poor in Spirit,,49,Matthew 5:1-12,,,Beatitudes: Blessed are the Poor in Spirit
6SmunSPk18xh0ujx3CX4uF,mapped,2024-12-24,Advent 2024,Christmas Eve,,31,Luke 1:26-38,,,Advent 2024: Christmas Eve
0Oeldgu859Akw6TEMNg0iw,mapped,2024-12-22,Advent 2024,Love,,40,Micah 5:2-5,,,Advent 2024: Love
1LcotQ9IP0VjpRs8ElmGLy,mapped,2024-12-15,Advent 2024,Joy,,46,Zephaniah 3:14-20,,,Advent 2024: Joy
2hfs5IKTEbkvVq8SUTTnR8,mapped,2024-12-09,Advent 2024,Whispers in the Dark,Gavin Bennett,35,Malachi 3:1-4,,,Advent 2024: Whispers in the Dark
4k3vMctzGM6E5s8BIbKCZL,mapped,2024-12-02,Advent 2024,Hope,Bethany Allen,44,Jeremiah 33:14-16,,,Advent 2024: Hope
58Ril9GKFJDsU5c1bqP0oD,mapped,2024-11-24,For the Sake of Others,Do You Understand What I've Done For You?,,51,John 13:1-17,,,For the Sake of Others: Do You Understand What I've Done For You?
5ReVjTjsmhKDTi7Pgka3zP,mapped,2024-11-18,For the Sake of Others,How Many Times Should I Forgive?,,52,Matthew 18:21-35,,,For the Sake of Others: How Many Times Should I Forgive?
4mNu3QLNTqX7YHCsC9sIze,mapped,2024-11-11,For the Sake of Others,Why Does Your Teacher Eat with Tax Collectors and Sinners?,,49,Luke 14:12-23,,,For the Sake of Others: Why Does Your Teacher Eat with Tax Collectors and Sinners?
4NrhIAProeVKnyWFNXMGBX,mapped,2024-11-04,For the Sake of Others,How Did the Fig Tree Wither so Quickly?,Gavin Bennett,35,Matthew 25:14-30,,,For the Sake of Others: How Did the Fig Tree Wither so Quickly?
7mGyr6dPedonMM0RMC0eId,mapped,2024-10-28,For the Sake of Others,Who is My Neighbor?,,47,Luke 10:25-37,,,For the Sake of Others: Who is My Neighbor?
5FEIorjfwLEFioa4Dyr4Ni,mapped,2024-10-20,For the Sake of Others,For the Sake of the City,,47,Romans 12:2,,,For the Sake of Others: For the Sake of the City
1Yu36T9P6ZamPsXskZVsmC,mapped,2024-10-13,For the Sake of Others,For the Sake of the Poor,,48,Matthew 6:19-24,,,For the Sake of Others: For the Sake of the Poor
0Z1siGGq0iFvNW4Q6GPTAQ,mapped,2024-10-06,For the Sake of Others,Family,Bethany Allen,48,Mark 3,,,For the Sake of Others: Family
4WfFlZGZTY0JkK5zgJ2x87,mapped,2024-09-30,For the Sake of Others,The Power of Prayer,,53,Romans 8:22-27,,,For the Sake of Others: The Power of Prayer
3zn9YTGFbSv9WTCaZ70334,unmapped,2024-09-26,For the Sake of Others,"Mark Sayers, pt. 2",,20,,,,"For the Sake of Others: Mark Sayers, pt. 2"
4K8aOGL7ZOAjTy7dYJzykC,unmapped,2024-09-26,For the Sake of Others,"Mark Sayers, pt. 1",,23,,,,"For the Sake of Others: Mark Sayers, pt. 1"
13o2hbguW43pq9SVTmum9l,mapped,2024-09-23,For the Sake of Others,You Know a Tree by Its Fruit,,49,Matthew 7:15-20,,,For the Sake of Others: You Know a Tree by Its Fruit
192Wu6GrGb7A6jVKomGKC4,mapped,2024-09-16,Practicing the Way of Jesus Together in Portland,Together in Portland,Bethany Allen,47,Mark 12:28-31,,,Practicing the Way of Jesus Together in Portland: Together in Portland
7bWdNtALXHA7xqZqvkzStU,mapped,2024-09-08,Practicing the Way of Jesus Together in Portland,In Portland As It Is In Heaven,,51,Matthew 7:13-14,,,Practicing the Way of Jesus Together in Portland: In Portland As It Is In Heaven
5oMgHxV7m5cZ6dGSII9cGi,mapped,2024-09-01,Philemon,Hospitality,Gerald Griffin,46,Philemon,,,Philemon: Hospitality
5iBkAenBQgdaRAUBnJ6Cyf,mapped,2024-08-25,Philemon,Even More,,47,Philemon,,,Philemon: Even More
3F0CcGhVVacSUyTwwLuBSV,mapped,2024-08-18,Philemon,A Heavenly Life in a Fallen World,,51,Philemon,,,Philemon: A Heavenly Life in a Fallen World
1fqJ71vT4bLw81128c7zo2,mapped,2024-08-11,Philemon,What is Paul Doing?,,55,Philemon,,,Philemon: What is Paul Doing?
3E7GNNT3AUCytjoUmgFTkj,mapped,2024-08-04,Jude,Contending For The Faith,Gavin Bennett,36,Jude,,,Jude Part 2: Contending For The Faith
4w7CUxcEfhsdApw9ulvpaL,mapped,2024-07-28,Jude,False Teachers,Gavin Bennett,42,Jude,,,Jude Part 1: False Teachers
15YiirpUMQiUfteNfeAZDO,mapped,2024-07-22,Jude,Intro,,56,Jude,,,Jude: Intro
1JKKhTrqHwV0bhUkZO9gHv,mapped,2024-07-15,Ruth,The Epilogue,Bethany Allen,38,Ruth 4:18-22,,,Ruth: The Epilogue
21FTtAVsGF5TbteA9VpyTP,mapped,2024-07-07,"Ruth, Act 4",The Wedding,Bethany Allen,52,Ruth,,,"Ruth, Act 4: The Wedding"
7qNXQW8xak1F1bw6wb11hI,mapped,2024-06-30,"Ruth, Act 3",The Contrast,,50,Ruth 3,,,"Ruth, Act 3: The Contrast"
6WQzRm3SE0z1r74JuUno8v,mapped,2024-06-23,"Ruth, Act 2",Small Things with Great Love,,50,Ruth 2,,,"Ruth, Act 2: Small Things with Great Love"
27xBqpuPljGiaWmVIvo1Lb,mapped,2024-06-17,"Ruth, Act 1",The Theology and Psychology of Suffering,,54,Ruth 1:6-22,,,"Ruth, Act 1: The Theology and Psychology of Suffering"
3AlKPJEEBlUug21TPxie2M,mapped,2024-06-09,Ruth,3 Births & 3 Deaths,,56,Ruth 1:1-5,,,Ruth: 3 Births & 3 Deaths
7s9bIFmuXqL4yakpPFzk98,mapped,2024-06-02,The Gifts of the Spirit for the work of the Kingdom,The Way of Love,,50,Genesis 11:1-9,Acts 2:1-12,,The Gifts of the Spirit for the work of the Kingdom: The Way of Love
0Z2nrPH7G54VrFkVBvk3dK,mapped,2024-05-26,The Gifts of the Spirit for the work of the Kingdom,Tongues,Jonny Hughes,47,Acts 2:1-4,1 Corinthians 14:1-5,,The Gifts of the Spirit for the work of the Kingdom: Tongues
4fNj9dnd5yWRlAvVEYnJkl,mapped,2024-05-19,The Gifts of the Spirit for the work of the Kingdom,Pentecost Sunday,Pete Hughes,49,John 20:19-22,,,The Gifts of the Spirit for the work of the Kingdom: Pentecost Sunday
2BbtQZLwkLOvjPpzbbjFMW,mapped,2024-05-12,The Gifts of the Spirit for the work of the Kingdom,Groaning,Gavin Bennett,36,Romans 8:22-27,,,The Gifts of the Spirit for the work of the Kingdom: Groaning
1LNWd4RJkGopQ6R9eQbZOC,mapped,2024-05-05,The Gifts of the Spirit for the work of the Kingdom,Prophecy,,51,1 Corinthians 14:1-4,,,The Gifts of the Spirit for the work of the Kingdom: Prophecy
1tbOdVdIhLkAvnAgCwdDOA,mapped,2024-04-28,The Gifts of the Spirit for the work of the Kingdom,Discernment,,48,1 Corinthians 12:1-11,,,The Gifts of the Spirit for the work of the Kingdom: Discernment
2s6dbM7RCtwHWpEOnmaTTm,mapped,2024-04-21,The Gifts of the Spirit for the work of the Kingdom,Healing,Christian Dawson,46,Luke 10:1-9,,,The Gifts of the Spirit for the work of the Kingdom: Healing
74U9eGaVlVHBMOm2iihiuw,mapped,2024-04-14,The Gifts of the Spirit for the work of the Kingdom,Witness,,40,Acts 1:1-11,,,The Gifts of the Spirit for the work of the Kingdom: Witness
5JlvwKrXHcHiSyRZK49oXX,unmapped,2024-04-07,Rule of Life,Episode 4 with Sister Heather Kristine,Sister Heather Kristine,39,,,,Rule of Life: Episode 4 with Sister Heather Kristine
4zkdpQajWn8bmBwd6rjQ4m,unmapped,2024-04-07,Rule of Life,Episode 3 with Gemma Ryan,Gemma Ryan,39,,,,Rule of Life: Episode 3 with Gemma Ryan
3mmB61v9dn3cGcEw1RQJSX,unmapped,2024-04-07,Rule of Life,Episode 2 with Dr. Jerry Sittser,Dr. Jerry Sittser,50,,,,Rule of Life: Episode 2 with Dr. Jerry Sittser
46T9bGttpa0Ak5UPEA9me5,unmapped,2024-04-07,Rule of Life,Episode 1 with John Mark Comer,John Mark Comer,36,,,,Rule of Life: Episode 1 with John Mark Comer
0wssi6QLoGOmMyza06xiHr,mapped,2024-04-07,The Gifts of the Spirit for the work of the Kingdom,"Go, But Wait",,46,Acts 1:1-11,,,"The Gifts of the Spirit for the work of the Kingdom: Go, But Wait"
21jG6xxRJ5PbP9W0v6hOwX,mapped,2024-04-02,,Love Pt. 2,,45,Romans 8:12-17,,,Session 4: Love Pt. 2
0RpRT1kfvfMPkuHMmHxWyK,mapped,2024-04-02,,Growing in Supernatural Power,,44,Acts 2:14-21,,,Session 3: Growing in Supernatural Power
4LVGl8xjVr1l2C6HA1BtFW,mapped,2024-04-02,,Becoming Kingdom Ministers,,39,Acts 2:14-21,,,Session 2: Becoming Kingdom Ministers
4F0Hcep5GFWK7WeZVyboNa,mapped,2024-04-02,,Love Pt. 1,,54,Ephesians 3:14-21,,,Session 1: Love Pt. 1
0eVUjGNAe6XTVjjSYDjtqp,mapped,2024-03-31,,Easter Sunday,,43,Mark 16:1-7,,,Easter Sunday
1XR4XwDDGIex30wIeVvARp,excluded,2024-03-30,40 Days of Prayer & Fasting,Day 41 Evening,,12,Psalm 4,,,40 Days of Prayer & Fasting: Day 41 Evening
0nuVehVV24MF5vhR4c6H8S,excluded,2024-03-30,40 Days of Prayer & Fasting,Day 41 Morning,,12,Psalm 5,,,40 Days of Prayer & Fasting: Day 41 Morning
1ldV8Kc8m6EGiM4vMh7wuJ,excluded,2024-03-29,40 Days of Prayer & Fasting,Day 40 Evening,,11,Psalm 4,,,40 Days of Prayer & Fasting: Day 40 Evening
0hEiyGpBnpNHyXr7P0ZS9L,excluded,2024-03-29,40 Days of Prayer & Fasting,Day 40 Morning,,10,Psalm 5,,,40 Days of Prayer & Fasting: Day 40 Morning
0FHnXVRkYs3WF381LA88Kd,excluded,2024-03-28,40 Days of Prayer & Fasting,Day 39 Evening,,12,Psalm 4,,,40 Days of Prayer & Fasting: Day 39 Evening
3tXVBFL8Fg4yu1jVQnqcPl,excluded,2024-03-28,40 Days of Prayer & Fasting,Day 39 Morning,,11,Psalm 5,,,40 Days of Prayer & Fasting: Day 39 Morning
6smeeRNDW1tlGDKgeQhPDx,excluded,2024-03-27,40 Days of Prayer & Fasting,Day 38 Evening,,10,Psalm 4,,,40 Days of Prayer & Fasting: Day 38 Evening
2pC5YLddgXnCxRWIMYF1DI,excluded,2024-03-27,40 Days of Prayer & Fasting,Day 38 Morning,,10,Psalm 5,,,40 Days of Prayer & Fasting: Day 38 Morning
71NltKo0GN2iEvmRWHSPsd,excluded,2024-03-26,40 Days of Prayer & Fasting,Day 37 Evening,,10,Psalm 4,,,40 Days of Prayer & Fasting: Day 37 Evening
6jC6EvVBBKz1mpn1UcnvMO,excluded,2024-03-26,40 Days of Prayer & Fasting,Day 37 Morning,,10,Psalm 5,,,40 Days of Prayer & Fasting: Day 37 Morning
4iPY6hkAnqc1LOCHszoeGL,excluded,2024-03-25,40 Days of Prayer & Fasting,Day 36 Evening,,11,Psalm 4,,,40 Days of Prayer & Fasting: Day 36 Evening
3P9mQE7Wn8wb68I3bR9Ur1,excluded,2024-03-25,40 Days of Prayer & Fasting,Day 36 Morning,,10,Psalm 5,,,40 Days of Prayer & Fasting: Day 36 Morning
6SOwcyj3UavOf91sKJRSsQ,mapped,2024-03-25,Unforced Rhythms of Grace,"Rule of Life, Pt. 2",,42,John 15:1-5,,,"Unforced Rhythms of Grace: Rule of Life, Pt. 2"
3CDGPLyigYKIeq2y8emNqz,excluded,2024-03-24,40 Days of Prayer & Fasting,Day 35 Sabbath,,10,Psalm 103,,,40 Days of Prayer & Fasting: Day 35 Sabbath
0LCKvgmSStecZ79yAGjUgJ,excluded,2024-03-23,40 Days of Prayer & Fasting,Day 34 Evening,,10,Psalm 127,,,40 Days of Prayer & Fasting: Day 34 Evening
5U8eETLkmaxzI8cmFpGfut,excluded,2024-03-23,40 Days of Prayer & Fasting,Day 34 Morning,,11,Psalm 28,,,40 Days of Prayer & Fasting: Day 34 Morning
4S6QdCDd7aV6y6ityhMTtU,excluded,2024-03-22,40 Days of Prayer & Fasting,Day 33 Evening,,10,Psalm 28,,,40 Days of Prayer & Fasting: Day 33 Evening
67ChjVTYW0XxayqIGN9SwD,excluded,2024-03-22,40 Days of Prayer & Fasting,Day 33 Morning,,11,Psalm 28,,,40 Days of Prayer & Fasting: Day 33 Morning
4DyxqS9RMtDI74J3xlqmTz,excluded,2024-03-21,40 Days of Prayer & Fasting,Day 32 Evening,,10,Psalm 28,,,40 Days of Prayer & Fasting: Day 32 Evening
6RD25NYIOX5JrLJ8WWs4DW,excluded,2024-03-21,40 Days of Prayer & Fasting,Day 32 Morning,,11,Psalm 28,,,40 Days of Prayer & Fasting: Day 32 Morning
1eLtPwO8O04zQmx2qrUTeF,excluded,2024-03-20,40 Days of Prayer & Fasting,Day 31 Evening,,10,Psalm 28,,,40 Days of Prayer & Fasting: Day 31 Evening
3TvmUEQ6u1xaQBWREfBNyY,excluded,2024-03-20,40 Days of Prayer & Fasting,Day 31 Morning,,11,Psalm 28,,,40 Days of Prayer & Fasting: Day 31 Morning
7mVZ2KuSHUMJS98zVySJfa,mapped,2024-03-19,Unforced Rhythms of Grace,"Rule of Life, Pt.1",,59,Matthew 9:14-17,,,"Unforced Rhythms of Grace: Rule of Life, Pt.1"
2cBoEHKEl8YH5yI7rGtyFf,excluded,2024-03-19,40 Days of Prayer & Fasting,Day 30 Evening,,10,Psalm 28,,,40 Days of Prayer & Fasting: Day 30 Evening
5yRWiQiBmPFa7hZpTiDCX7,excluded,2024-03-19,40 Days of Prayer & Fasting,Day 30 Morning,,11,Psalm 28,,,40 Days of Prayer & Fasting: Day 30 Morning
3tLh04RWfH5lIk4FYZo6U2,excluded,2024-03-18,40 Days of Prayer & Fasting,Day 29 Evening,,10,Psalm 127,,,40 Days of Prayer & Fasting: Day 29 Evening
6Ln66PGeEOUpp2DvdUhOmd,excluded,2024-03-18,40 Days of Prayer & Fasting,Day 29 Morning,,11,Psalm 28,,,40 Days of Prayer & Fasting: Day 29 Morning
48AMmkaTb8frD53TDfF00K,excluded,2024-03-17,40 Days of Prayer & Fasting,Day 28 Sabbath,,10,Psalm 103,,,40 Days of Prayer & Fasting: Day 28 Sabbath
6cV2AXMJUFkAWc2AtcL6AO,excluded,2024-03-16,40 Days of Prayer & Fasting,Day 27 Evening,,11,Psalm 92,,,40 Days of Prayer & Fasting: Day 27 Evening
6Sfl2T0aNrAnxkcnOpyeuj,excluded,2024-03-16,40 Days of Prayer & Fasting,Day 27 Morning,,11,Psalm 17,,,40 Days of Prayer & Fasting: Day 27 Morning
2wtTAmgH0QeUxsOst9Hhao,excluded,2024-03-15,40 Days of Prayer & Fasting,Day 26 Evening,,11,Psalm 92,,,40 Days of Prayer & Fasting: Day 26 Evening
5qLPuMyhHt1eP1He626Q6h,excluded,2024-03-15,40 Days of Prayer & Fasting,Day 26 Morning,,12,Psalm 17,,,40 Days of Prayer & Fasting: Day 26 Morning
3NFkOh3kb6HA91jsW9dm96,excluded,2024-03-14,40 Days of Prayer & Fasting,Day 25 Evening,,11,Psalm 92,,,40 Days of Prayer & Fasting: Day 25 Evening
5vzsGnnOtZlNFTXLcDdUpx,excluded,2024-03-14,40 Days of Prayer & Fasting,Day 25 Morning,,11,Psalm 17,,,40 Days of Prayer & Fasting: Day 25 Morning
1Ab8obduWgdjVDKGsWWhx5,excluded,2024-03-13,40 Days of Prayer & Fasting,Day 24 Evening,,11,Psalm 92,,,40 Days of Prayer & Fasting: Day 24 Evening
77RfXAtxgKN9l1fEsvmW9c,excluded,2024-03-13,40 Days of Prayer & Fasting,Day 24 Morning,,11,Psalm 17,,,40 Days of Prayer & Fasting: Day 24 Morning
4lPRQZ6u4GSFfgOJgpVnuW,excluded,2024-03-12,40 Days of Prayer & Fasting,Day 23 Evening,,11,Psalm 92,,,40 Days of Prayer & Fasting: Day 23 Evening
3glKXvQQNCM1HN9qWWN0Zm,excluded,2024-03-12,40 Days of Prayer & Fasting,Day 23 Morning,,11,Psalm 17,,,40 Days of Prayer & Fasting: Day 23 Morning
2svpsHZ3eIUZSLUcqT9lZq,excluded,2024-03-11,40 Days of Prayer & Fasting,Day 22 Evening,,11,Psalm 92,,,40 Days of Prayer & Fasting: Day 22 Evening
3AWrtI0EgqxY3twHO9q4XG,excluded,2024-03-11,40 Days of Prayer & Fasting,Day 22 Morning,,11,Psalm 17,,,40 Days of Prayer & Fasting: Day 22 Morning
5vEUATB2Ee3NHZ1oz2IsMz,mapped,2024-03-10,Unforced Rhythms of Grace,Witness,,43,Acts 1:8,,,Unforced Rhythms of Grace: Witness
2wJuHcQFU1AHhuFNY5IwjK,excluded,2024-03-10,40 Days of Prayer & Fasting,Day 21 Sabbath,,10,Psalm 103,,,40 Days of Prayer & Fasting: Day 21 Sabbath
6DA6lRqVrsJ04NnaAxciOo,excluded,2024-03-09,40 Days of Prayer & Fasting,Day 20 Evening,,10,Psalm 100,,,40 Days of Prayer & Fasting: Day 20 Evening
75LUfGJDIK13FAlsjVsAgX,excluded,2024-03-09,40 Days of Prayer & Fasting,Day 20 Morning,,10,Psalm 20,,,40 Days of Prayer & Fasting: Day 20 Morning
7lpK2IscTOQLpytCfTA1Mh,excluded,2024-03-08,40 Days of Prayer & Fasting,Day 19 Evening,,10,Psalm 20,,,40 Days of Prayer & Fasting: Day 19 Evening
4OtfXQYXqAw8SNsFLHavP7,excluded,2024-03-08,40 Days of Prayer & Fasting,Day 19 Morning,,10,Psalm 20,,,40 Days of Prayer & Fasting: Day 19 Morning
7qehEQQWwLNhCEygWiuOVX,excluded,2024-03-07,40 Days of Prayer & Fasting,Day 18 Evening,,10,Psalm 20,,,40 Days of Prayer & Fasting: Day 18 Evening
4iroKeCefqMSySkyQDrx0v,excluded,2024-03-07,40 Days of Prayer & Fasting,Day 18 Morning,,10,Psalm 20,,,40 Days of Prayer & Fasting: Day 18 Morning
78VJv3aENGJ5OCc4sYtGaX,excluded,2024-03-06,40 Days of Prayer & Fasting,Day 17 Evening,,10,Psalm 20,,,40 Days of Prayer & Fasting: Day 17 Evening
2WBCTP56GPhHzqIQCQtYxY,excluded,2024-03-06,40 Days of Prayer & Fasting,Day 17 Morning,,10,Psalm 20,,,40 Days of Prayer & Fasting: Day 17 Morning
5SvRsGDBaPQljWJZ9nIzqz,excluded,2024-03-05,40 Days of Prayer & Fasting,Day 16 Evening,,10,Psalm 20,,,40 Days of Prayer & Fasting: Day 16 Evening
4IBHzRiIWLWIF2O2Ziw6wY,excluded,2024-03-05,40 Days of Prayer & Fasting,Day 16 Morning,,10,Psalm 20,,,40 Days of Prayer & Fasting: Day 16 Morning
2309LmFcfN2a8pQU4X5OhB,excluded,2024-03-04,40 Days of Prayer & Fasting,Day 15 Evening,,10,Psalm 20,,,40 Days of Prayer & Fasting: Day 15 Evening
6X7w1MrRxGqLUFXAMqFBV1,excluded,2024-03-04,40 Days of Prayer & Fasting,Day 15 Morning,,10,Psalm 20,,,40 Days of Prayer & Fasting: Day 15 Morning
4Pv8MJwCpKzH3LrB6vQTe6,mapped,2024-03-03,Unforced Rhythms of Grace,Sabbath,,51,Genesis 2:1-3,,,Unforced Rhythms of Grace: Sabbath
7rtNvWeDyXqFswDfpLQJa8,excluded,2024-03-03,40 Days of Prayer & Fasting,Day 14 Sabbath,,10,Psalm 103,,,40 Days of Prayer & Fasting: Day 14 Sabbath
10xCAQuYIWzTppH6gAoxNK,excluded,2024-03-02,40 Days of Prayer & Fasting,Day 13 Evening,,10,Psalm 95,,,40 Days of Prayer & Fasting: Day 13 Evening
70Grl0fKm0DMFXa3AeVFqW,excluded,2024-03-02,40 Days of Prayer & Fasting,Day 13 Morning,,8,Psalm 121,,,40 Days of Prayer & Fasting: Day 13 Morning
1O3L4y7GezBSxgADqNQjBj,excluded,2024-03-01,40 Days of Prayer & Fasting,Day 12 Evening,,10,Psalm 95,,,40 Days of Prayer & Fasting: Day 12 Evening
16RGzerG207d1rlE4xuPUH,excluded,2024-03-01,40 Days of Prayer & Fasting,Day 12 Morning,,8,Psalm 121,,,40 Days of Prayer & Fasting: Day 12 Morning
11ZpI2tRRXpHhon3ZbebsS,excluded,2024-02-29,40 Days of Prayer & Fasting,Day 11 Evening,,10,Psalm 95,,,40 Days of Prayer & Fasting: Day 11 Evening
5qsutR7xupvBfgcHkySs9q,excluded,2024-02-29,40 Days of Prayer & Fasting,Day 11 Morning,,9,Psalm 121,,,40 Days of Prayer & Fasting: Day 11 Morning
5k4xytSD37GTMLX3dDqyNG,excluded,2024-02-28,40 Days of Prayer & Fasting,Day 10 Evening,,9,Psalm 95,,,40 Days of Prayer & Fasting: Day 10 Evening
5oPhgFKxIVKjiRVuxxC56n,excluded,2024-02-28,40 Days of Prayer & Fasting,Day 10 Morning,,8,Psalm 121,,,40 Days of Prayer & Fasting: Day 10 Morning
5tnrYQLjZAtaC4mWVMAYZ6,excluded,2024-02-27,40 Days of Prayer & Fasting,Day 9 Evening,,9,Psalm 95,,,40 Days of Prayer & Fasting: Day 9 Evening
5uHjYJiM2NOVHqadaBF836,excluded,2024-02-27,40 Days of Prayer & Fasting,Day 9 Morning,,9,Psalm 121,,,40 Days of Prayer & Fasting: Day 9 Morning
2g4iTLkhUqgH6zfttEG59y,excluded,2024-02-26,40 Days of Prayer & Fasting,Day 8 Evening,,9,Psalm 95,,,40 Days of Prayer & Fasting: Day 8 Evening
5lrsPyDojvSWffCr0WIW3E,excluded,2024-02-26,40 Days of Prayer & Fasting,Day 8 Morning,,8,Psalm 121,,,40 Days of Prayer & Fasting: Day 8 Morning
1Aodv20lMdK0Zctc3u5BwF,mapped,2024-02-25,Unforced Rhythms of Grace,Generosity,,37,Matthew 13:44-46,,,Unforced Rhythms of Grace: Generosity
6wa05A7uscbZqdKjToUsVH,excluded,2024-02-25,40 Days of Prayer & Fasting,Day 7 Sabbath,,10,Psalm 103,,,40 Days of Prayer & Fasting: Day 7 Sabbath
1SgjGfCXKE16dHHHtRpqut,excluded,2024-02-24,40 Days of Prayer & Fasting,Day 6 Evening,,10,Psalm 34,,,40 Days of Prayer & Fasting: Day 6 Evening
7sbUkJoHjP6HVA3iokZAek,excluded,2024-02-24,40 Days of Prayer & Fasting,Day 6 Morning,,10,Psalm 126,,,40 Days of Prayer & Fasting: Day 6 Morning
4vWiC5aZM9FcMB5t0LNQok,excluded,2024-02-23,40 Days of Prayer & Fasting,Day 5 Evening,,10,Psalm 34,,,40 Days of Prayer & Fasting: Day 5 Evening
4Spk8167Q0TOjXGTo0fXQC,excluded,2024-02-23,40 Days of Prayer & Fasting,Day 5 Morning,,10,Psalm 126,,,40 Days of Prayer & Fasting: Day 5 Morning
2VRkflmd75JtCX3vhCXgtI,excluded,2024-02-22,40 Days of Prayer & Fasting,Day 4 Evening,,10,Psalm 34,,,40 Days of Prayer & Fasting: Day 4 Evening
7qbJ3rVh5WAdT9BonCXr0o,excluded,2024-02-22,40 Days of Prayer & Fasting,Day 4 Morning,,10,Psalm 126,,,40 Days of Prayer & Fasting: Day 4 Morning
4vL0eYGhk36uzIVip5BiLc,excluded,2024-02-21,40 Days of Prayer & Fasting,Day 3 Evening,,10,Psalm 34,,,40 Days of Prayer & Fasting: Day 3 Evening
64qMONrgASyGygm1yVe1O8,excluded,2024-02-21,40 Days of Prayer & Fasting,Day 3 Morning,,10,Psalm 126,,,40 Days of Prayer & Fasting: Day 3 Morning
1MkVtIFfbYxjVAyQckhcsy,excluded,2024-02-20,40 Days of Prayer & Fasting,Day 2 Evening,,10,Psalm 34,,,40 Days of Prayer & Fasting: Day 2 Evening
701pQmOfkovGLGynzn0FIL,excluded,2024-02-20,40 Days of Prayer & Fasting,Day 2 Morning,,9,Psalm 126,,,40 Days of Prayer & Fasting: Day 2 Morning
04wU6k3eBHCO7TmekXuhiK,excluded,2024-02-19,40 Days of Prayer & Fasting,Day 1 Evening,,11,Psalm 34,,,40 Days of Prayer & Fasting: Day 1 Evening
3zIt34DhTBOQedhwGphRXE,excluded,2024-02-19,40 Days of Prayer & Fasting,Day 1 Morning,,9,Psalm 126,,,40 Days of Prayer & Fasting: Day 1 Morning
1y2t2zugeDBaO26XyZtnHW,mapped,2024-02-18,Unforced Rhythms of Grace,Service,,53,Luke 10:25-37,,,Unforced Rhythms of Grace: Service
0UkFxy7L2QFVD87GTUEXXa,mapped,2024-02-11,Unforced Rhythms of Grace,Fasting,,49,Romans 12:1,,,Unforced Rhythms of Grace: Fasting
7rrx5RQ6zJverelzxzllwc,mapped,2024-02-04,Unforced Rhythms of Grace,Community,,46,Mark 1:16-20,,,Unforced Rhythms of Grace: Community
5nHbB9SBTwK84fhVfvaug4,mapped,2024-01-29,Unforced Rhythms of Grace,Solitude,,50,Psalm 131,,,Unforced Rhythms of Grace: Solitude
57qoB20djKdBOQxGRMkcf5,mapped,2024-01-22,Unforced Rhythms of Grace,Scripture,,65,Psalm 1:1-3,,,Unforced Rhythms of Grace: Scripture
6CIf1sDp7Yv2LXeSAzkM4d,mapped,2024-01-15,Unforced Rhythms of Grace,Prayer,,41,Hebrews 5:7,,,Unforced Rhythms of Grace: Prayer
0G8hi9LEQkOYaClr9O9niB,mapped,2024-01-08,Unforced Rhythms of Grace,9 Core Practices For A Rule of Life,,50,Matthew 11:28-30,,,Unforced Rhythms of Grace: 9 Core Practices For A Rule of Life
5A0G6UT52e1UWkrsE2ISGu,mapped,2024-01-01,,The Surprise of Silence,Gerald Griffin,43,2 Corinthians 3:7-18,,,The Surprise of Silence
7tNinGgy6mdoV4UIFkKsVt,mapped,2023-12-30,,Christmas Eve,,31,Luke 2:4-7,,,Part 4: Christmas Eve
5NWaIUGSseA0C2JVOArKz0,mapped,2023-12-17,,Waiting Well,,44,Luke 2:25-32,,,Part 3: Waiting Well
3rSkscl8Xb76P3zZOyzcmz,mapped,2023-12-11,,"Waiting, The Unseen Threshold and Witness to Hope",,43,Luke 2:36-38,,,"Part 2: Waiting, The Unseen Threshold and Witness to Hope"
6rToFQ3m49VGM1Lr5xebhc,mapped,2023-12-05,,Shepherds & Magi,,53,Luke 2:1-20,,,Part 1: Shepherds & Magi
6HNXFlcO4KOuZ6W3aB41BS,mapped,2023-11-28,,"Community As Reconciliation in Class, Culture, and Ethnicity",,46,Joshua 5:8-9,,,"Part 10: Community As Reconciliation in Class, Culture, and Ethnicity"
6tBq7pk0c2bu2gFwCbgZsG,mapped,2023-11-20,,Community As Reconciliation,,60,Matthew 18:15-22,,,Part 9: Community As Reconciliation
1KsR5EKxDQpsYt7nC7XNTn,mapped,2023-11-13,,Community As Wonder,,51,John 1:43-46,,,Part 8: Community As Wonder
0NZOdTBWBVLJiQBJ1SEL5A,mapped,2023-11-07,,Community As Home,,42,Acts 5:42,,,Part 7: Community As Home
33cog5uqDV2CPq2XlYxWVr,mapped,2023-10-30,,Community As Friendship,,50,John 15:12-17,,,Part 6: Community As Friendship
03CJvZvPWAH5OCneRfbUm3,mapped,2023-10-23,,Community: Church,,51,Matthew 16:13-20,,,Part 5: Community: Church
6i2T5m8XQqHjsupqDHZC2o,mapped,2023-10-16,,Community: Witness,,53,Luke 8:26-38,,,Part 4: Community: Witness
1NFncevZluzxLkEdiyBTNN,mapped,2023-10-09,,Community As Formation,,54,John 15:1-12,,,Part 3: Community As Formation
4llQsJnocxAKHJUnDiFUPg,mapped,2023-10-04,,Community As A Gift,,45,Mark 10:28-31,,,Part 2: Community As A Gift
4AP9qc64OdEJD3axMcngwI,mapped,2023-09-26,,The New Family of Jesus,,50,Matthew 12:46-50,,,Part 1 : The New Family of Jesus
3qc4QV1xUkmbNC98tzjBB2,mapped,2023-09-17,,Together in Portland,,48,Luke 6:12-16,,,Part 2: Together in Portland
23v9p6GzQbK2Trkgy9elEV,mapped,2023-09-10,,Practicing the Way of Jesus,,53,Mark 8:34-35,,,Part 1: Practicing the Way of Jesus
71xZm1U8ngQLVaAlfTcnnV,mapped,2023-09-03,,Unveiled Faces,,47,Exodus 34:29-35,,,Part 13: Unveiled Faces
187TquHXGz3SM5YFdVoOPq,unmapped,2023-08-30,Lecture,Part 4: Women & Eldership - Threats & Invitations,Tyler Staton,25,,,,Lecture: Part 4: Women & Eldership — Threats & Invitations
1e7wTvXG6KmCRqIsZN4kuz,unmapped,2023-08-30,Lecture,Part 3: Women & Eldership - A Closer Look at The Four Pillars,Tyler Staton,62,,,,Lecture: Part 3: Women & Eldership — A Closer Look at The Four Pillars
2PbrTpycoB1H5FUWXKJ0Ka,mapped,2023-08-27,,God Dwells Among Us,,50,Exodus 25:1-9,,,Part 12: God Dwells Among Us
0uracYNo3eul2AIORRLdO2,excluded,2023-08-23,Lecture,Part 2: Women & Eldership - What Does This Mean For Me?,Tyler Staton,20,,,,Lecture: Part 2: Women & Eldership — What Does This Mean For Me?
2DgeJtrBrvUpJEYhjmGxZG,unmapped,2023-08-23,Lecture,Part 1: Women & Eldership - What Is Our Position?,Tyler Staton,62,,,,Lecture: Part 1: Women & Eldership — What Is Our Position?
1xalbVkD5TXPBEAcdC49Ul,mapped,2023-08-20,,In My Name,,41,Exodus 34:6-7,,,Part 11: In My Name
5GmIU4xNKJqzXWeM01xNxS,mapped,2023-08-13,,The Pain of Idols & The Power of Intercession,,45,Exodus 33:12-33,,,Part 10: The Pain of Idols & The Power of Intercession
4Q8595XTvWh4a9PPTFAa8F,mapped,2023-08-06,,A Kingdom of Priests,,46,Exodus 28:1-12,,,Part 9: A Kingdom of Priests
6osGgqwDvu3HwxVZ5b51n1,mapped,2023-07-30,,Getting the Slavery out of Israel,,42,Exodus 19:3-7,,,Part 8: Getting the Slavery out of Israel
6Zaqh8C3z8yOHuenWgwwIc,mapped,2023-07-23,,Bread in the Wilderness,,55,Exodus 16:2-5,,,Part 7: Bread in the Wilderness
3GBORLedmJzVzUpuWEXTyC,mapped,2023-07-16,,Red Sea Salvation,,51,Exodus 13:17-18,,,Part 6: Red Sea Salvation
3mqwzjjBHQ1zUitzZHplVV,mapped,2023-07-09,,The Forsaken God,,60,Exodus 11:1-10,Matthew 27:45-46,,Part 5: The Forsaken God
1DUOF5GERQn1c9HGHDzhPs,excluded,2023-07-08,Interview,Exodus & Passover,,49,,,,Interview: Exodus & Passover
6Wi4713VEs9kyHrFtD4NiF,mapped,2023-07-02,,The Plagues & Pharaoh’s Hard Heart,,50,Exodus 3:16-20,,,Part 4: The Plagues & Pharaoh’s Hard Heart
1d6tZJcTStIPvJIu1sL74x,unmapped,2023-06-29,Q&R,Deconstruction & Reconstruction,Josh Porter,20,,,,Q&R: Deconstruction & Reconstruction
73jNJdE8PAJgpsGzQKsnMO,unmapped,2023-06-29,Lecture,Deconstruction & Reconstuction,Josh Porter,49,,,,Lecture: Deconstruction & Reconstuction
44ObaOtQOtmzgK94Wng6U6,mapped,2023-06-25,,The Wounded Healer,,49,Exodus 3:1-15,,,Part 3: The Wounded Healer
3JdoRIKb1LuA8fOqtx3MBa,mapped,2023-06-18,,The Villain & The Deliverer,,42,Exodus 1:8-14,,,Part 2: The Villain & The Deliverer
0mexiJ0kZu0FqExywhK0eQ,mapped,2023-06-11,,Exodus: An Introduction,,49,Exodus 1:1-8,,,Part 1: Exodus: An Introduction
0sw3j6v6Lx1phvG0bwNTBF,unmapped,2023-06-08,Q&R,The Ministry of Reconciliation,,40,,,,Q&R: The Ministry of Reconciliation
1VqlxNgZauT9hEOdJ1eXf0,unmapped,2023-06-08,Lecture,The Ministry of Reconciliation,,45,,,,Lecture: The Ministry of Reconciliation
3wdN3rkAIVqrIh8a5ync1p,mapped,2023-06-04,,The Gospel and The Dividing Wall of Hostility,,38,Ephesians 2:14-16,,,The Gospel and The Dividing Wall of Hostility
1c4t2I1kBNiupl9t0n1G2J,mapped,2023-05-28,,The Spirit Speaks through Creation,,47,Psalm 19:1-6,,,Part 7: The Spirit Speaks through Creation
56Vb8nkOqxWAIQ5JhYFl8u,mapped,2023-05-25,,Finding Yourself in the Story,Tyler Staton and Pete Hughes,49,Acts 9:31,,,Finding Yourself in the Story
0QpfgUknCroYvdF75WNXOC,mapped,2023-05-21,,"The Spirit Speaks to the Soul, Pt. 2",,49,1 Kings 19:1-13,,,"Part 6: The Spirit Speaks to the Soul, Pt. 2"
5Cbznhyqmnoahd6p3hk6HK,mapped,2023-05-14,,"The Spirit Speaks to the Soul, Pt. 1",,52,Luke 24:13-35,,,"Part 5: The Spirit Speaks to the Soul, Pt. 1"
3tvbijoQ9e3HVbW5Um77XV,mapped,2023-05-07,,The Spirit Speaks through Prophecy,,53,1 Corinthians 14:1-4,,,Part 4: The Spirit Speaks through Prophecy
2AGBvHl1oqqY2ZuCMJigWe,mapped,2023-04-30,,"The Spirit Speaks through the Written Word, Pt. 2",,53,Psalm 119:103-112,,,"Part 3: The Spirit Speaks through the Written Word, Pt. 2"
2iZt1qC8qi2diNXFcIXMmm,mapped,2023-04-23,,"The Spirit Speaks through the Written Word, Pt. 1",,48,2 Timothy 3:16-17,,,"Part 2: The Spirit Speaks through the Written Word, Pt. 1"
20EzF21qlEfzG6aJr1WKoL,mapped,2023-04-16,,The Living Word,,38,John 1:1-4,,,Part 1: The Living Word
4bXiZNapCpQ2YjcnNCUSrr,mapped,2023-04-09,,Easter Sunday,,43,Matthew 28:1-10,,,Easter Sunday
6NNmVastTKMwKQEBm1kCDn,mapped,2023-04-02,,The Body as a Living Sacrifice,,56,Revelation 19:6-7,,,Part 6: The Body as a Living Sacrifice
3Nfdv6BrIdDGYuXGboFVKp,mapped,2023-03-26,,Theology of the Body,,48,Revelation 19:6-7,,,Part 5: Theology of the Body
5i8BzDVeSEfn8hEMCydtD1,mapped,2023-03-19,,Renewal of the Mind,,56,Romans 12:1-2,,,Part 4: Renewal of the Mind
5LzvrcpgLiL7WY3EVXBkVj,mapped,2023-03-12,,A Sound Mind,,58,Romans 12:1-2,,,Part 3: A Sound Mind
2QdFo3E1dG1ACLlxJYFHK0,mapped,2023-03-05,,Shame,,47,Luke 7:36-50,,,Part 2: Shame
4KUiXwvn2fWOWOchGd8S8P,mapped,2023-02-26,,Desire,,55,John 9,,,Part 1: Desire
2Kaq8lOV1QPMLvTIaXNhQI,mapped,2023-02-19,,I Am the Vine,,40,John 15:1-2,,,Part 8: I Am the Vine
5q0l4OPx4L0Hl0mGcTo3Gu,mapped,2023-02-12,,"I Am the Way, the Truth, and the Life",,36,John 14:6,,,"Part 7: I Am the Way, the Truth, and the Life"
2XAk9D2I8oObKKym1HnPeO,mapped,2023-02-05,,I Am the Resurrection and the Life,,50,John 11:25-26,,,Part 6: I Am the Resurrection and the Life
6xr5b18WRQHDaspqgVYT1E,mapped,2023-01-29,,I Am the Good Shepherd,,45,John 10:11,,,Part 5: I Am the Good Shepherd
67mkeHJ8OEyVsFBaFUDpXR,unmapped,2023-01-28,,Kingdom Empowerment,,55,,,,Session 3: Kingdom Empowerment
0ZCUtkj1LlgbbxXoIQ5RXQ,excluded,2023-01-28,,An Interview with Pete Portal,Pete Portal,45,,,,An Interview with Pete Portal
2ZlNG2ZScUipXod5WpR4ar,unmapped,2023-01-28,,A Life of Justice & Mercy,,45,,,,Session 2: A Life of Justice & Mercy
35uvQE3nPfrpAUJ9kKGTFY,unmapped,2023-01-27,,The Spirit for the City,,55,,,,Session 1: The Spirit for the City
2YcnINBv7EIMTkweZNdobc,mapped,2023-01-22,,I Am the Gate,,47,John 10:9,,,Part 4: I Am the Gate
0fCD5DK6aFMBYJAcAUicnX,mapped,2023-01-15,,I Am the Light of the World,,39,John 8:12,,,Part 3: I Am the Light of the World
3HIqo8u9gFUrhZVZqCmx0T,mapped,2023-01-08,,I Am the Bread of Life,,44,John 6:35,,,Part 2: I Am the Bread of Life
6Z6MSxsMNzpL2JqGdmRFMw,mapped,2023-01-01,,Moses Meets YHWH,,42,Exodus 3:13-14,,,Part 1: Moses Meets YHWH
1TA7366ivee6FC6WhgaVxQ,mapped,2022-12-24,,Christmas Eve,,25,Luke 2:1-20,,,Christmas Eve
5dbi8QyeaAT9mhJsdnRAEe,mapped,2022-12-18,,Understand With Their Hearts,,47,Matthew 13:14-17,,,Part 4: Understand With Their Hearts
1DOdg3aACNzhGqqFFIPddU,mapped,2022-12-11,,Generosity,,50,Luke 3:7-14,,,Part 3: Generosity
6WwWX3tSjTMMBBoUi6WNgE,mapped,2022-12-04,,Simplicity,,49,Luke 3:7-14,,,Part 2: Simplicity
6k6KJwZCOTS24okrUgqY1E,mapped,2022-11-27,,Landing in Disguise,,33,John 1:6-12,,,Part 1: Landing in Disguise
0i6ft2sWGNYtLluWxwKFDW,unmapped,2022-11-21,Indigenous Heritage,Family & Tribe,,39,,,,Indigenous Heritage: Family & Tribe
5IgbW1nrWDchzRHec36tVz,mapped,2022-11-20,,Kinship,,55,Luke 16:19-31,,,Part 11: Kinship
2rysrVFFu73Vpi5kp7MKWA,unmapped,2022-11-14,Indigenous Heritage,Truth & Reconciliation,,34,,,,Indigenous Heritage: Truth & Reconciliation
62eLIXrjQBuERHmq70OCIH,mapped,2022-11-13,,Biblical Reconciliation,,56,Ephesians 2:11-22,Galatians 2:11-21,,Part 10: Biblical Reconciliation
14TJS3jnNiDob5KRMhXc1c,unmapped,2022-11-07,Indigenous Heritage,Oregon’s Past & Future,,56,,,,Indigenous Heritage: Oregon’s Past & Future
3KuFCyr8Ofj2kuQixMiZLc,mapped,2022-11-06,,The Imperative of Proximity,,50,Luke 4:16-21,,,Part 9: The Imperative of Proximity
6Ablq0hsCfN1T5D2jMpeT0,mapped,2022-10-30,,Justice is a Person,,46,Isaiah 9:1-7,,,Part 8: Justice is a Person
6D8S8tN2cgV5szjs7lkbqn,mapped,2022-10-23,,Becoming Our Prayers,,54,Mark 11:1-21,,,Part 7: Becoming Our Prayers
1wWYQYT4Bgs404WkcKLaDm,unmapped,2022-10-19,Q&R,Prayer & Paradise,Tyler Staton and Tim Mackie,22,,,,Q&R: Prayer & Paradise
4mXtcRrB2GzTdKPBWsf33D,unmapped,2022-10-19,Lecture,Prayer & Paradise,,62,,,,Lecture: Prayer & Paradise
16ltmHkbxhOrQYUOsGGKXY,mapped,2022-10-16,,Evening: Pray Gratitude,,45,1 Kings 19:9-15,,,Part 6: Evening: Pray Gratitude
3RFxmhaytZBqY6CM1SKtkG,unmapped,2022-10-10,Hispanic Heritage,Redemption & Celebration,,33,,,,Hispanic Heritage: Redemption & Celebration
4jRdZNb6R8qojxdlA7sGEr,mapped,2022-10-09,,Morning: Pray the Lord’s Prayer,,49,Luke 11:1-4,,,Part 5: Morning: Pray the Lord’s Prayer
0zL7zUdMjdabWxrOdBTo5Y,unmapped,2022-10-03,Hispanic Heritage,Embracing Community,,36,,,,Hispanic Heritage: Embracing Community
6FLdzhrXuKZgJ7dKpjvfsX,mapped,2022-10-02,,Midday: Pray for the Lost,,41,1 Kings 18:41-45,,,Part 4: Midday: Pray for the Lost
36lhUUtOEQG7jujslpjpGJ,excluded,2022-09-26,Hispanic Heritage,Between Cultures,,17,,,,Hispanic Heritage: Between Cultures
3Va3ByI8dRuyPhr8GDpp4C,mapped,2022-09-25,,Unceasing Prayer,,53,John 8:2-11,1 Thessalonians 5:17,,Part 3: Unceasing Prayer
6RgRa9jEcGJlnt9P0xn5ZQ,unmapped,2022-09-19,Hispanic Heritage,Oregon’s Past & Future,,23,,,,Hispanic Heritage: Oregon’s Past & Future
5T67TkArXlsutUnTKNo3Aw,mapped,2022-09-18,,Raise Up the Tabernacle of David,,51,Amos 9:11-12,,,Part 2: Raise Up the Tabernacle of David
2lACiTZCHotSD9c4U4uxSq,mapped,2022-09-11,,Practicing the Way of Jesus Together in Portland,,52,Mark 8:34-35,,,Part 1: Practicing the Way of Jesus Together in Portland
556VPhXtwU2Kqpp0vTOcS7,mapped,2022-09-04,,Stand,,43,Ephesians 6:10-24,,,Part 10: Stand
5W1lD2tb5cPd9ab1DQClMy,mapped,2022-08-28,,Household,,55,Ephesians 5:21-6:9,,,Part 9: Household
0s4Ntv921m5vgLWW75Gz3p,mapped,2022-08-21,,A Better Yes,,41,Ephesians 4:17-5:20,,,Part 8: A Better Yes
3MmLGRaTanDEMssLR4ROcR,mapped,2022-08-14,,Vocation,,55,Ephesians 4:1-28,,,Part 7: Vocation
3MTcMUNvYo6WZeobUdEEWO,mapped,2022-08-07,,Praying with Paul Pt. 2,,47,Ephesians 3:14-21,,,Part 6: Praying with Paul Pt. 2
4FQSUVWeWL5MBKWf7ydW11,mapped,2022-07-31,,Understanding the Mystery,,48,Ephesians 2:11-3:13,,,Part 5: Understanding the Mystery
1qxjqqihdB5naKIdoU6E5x,mapped,2022-07-24,,Dead Now Seated,,43,Ephesians 2:1-10,,,Part 4: Dead Now Seated
2ulcQjpA07QyvfCJRCtLen,mapped,2022-07-17,,Praying with Paul Pt. 1,,51,Ephesians 1:15-23,,,Part 3: Praying with Paul Pt. 1
1JZyw7wPo6tIwoqpGmahIC,mapped,2022-07-10,,Family Legacy,,43,Ephesians 1:3-14,,,Part 2: Family Legacy
2ODV6TitcmrIUmluSRd5Mi,mapped,2022-07-03,,A Riot That Became a Church,,42,Ephesians 1:1-2,Acts 19,,Part 1: A Riot That Became a Church
6tTID5NEnlr6BmZm7E8Xkf,mapped,2022-06-26,,Life of the Beloved,,50,Song of Songs 1:5-6,,,Part 9: Life of the Beloved
1NKXlxgWqbZwCPQf8ryUmC,mapped,2022-06-19,,The Three Levels of Faith,,50,Mark 9:14-29,,,The Three Levels of Faith
1NSphq3WfihmqDugeDLlWv,unmapped,2022-06-18,Justice Summit,Session 3,,72,,,,Justice Summit: Session 3
5eiZioab8Wle6pcbGD4azQ,unmapped,2022-06-18,Justice Summit,Session 2,,60,,,,Justice Summit: Session 2
2UkMm6qnFo9qRU70XcaExn,unmapped,2022-06-17,Justice Summit,Session 1,,52,,,,Justice Summit: Session 1
4APty37oFyT5bzqBNPXylv,mapped,2022-06-12,,Blessing,,53,Luke 24:50-53,,,Part 8: Blessing
62c5RiTtvB6VmBx3xaOGnf,mapped,2022-06-05,,Become Love,,50,1 John 4:7-12,,,Part 7: Become Love
2zx8qSFlfHUXK9D9AfDVZg,excluded,2022-05-30,AAPI Heritage,Transracial Adoption,,17,,,,AAPI Heritage: Transracial Adoption
5GmlB4U2nrq0kgSJHz2BYZ,mapped,2022-05-29,,Healing,,41,Philippians 2:12-13,,,Part 6: Healing
2AlEPTTbnUatbMhbEQV59c,unmapped,2022-05-23,AAPI Heritage,Family & Culture,,29,,,,AAPI Heritage: Family & Culture
5Tlf2XdUWkymbK4AB1QICi,mapped,2022-05-22,,The Father of Lies,,37,John 8:12-47,,,Part 5: The Father of Lies
32Ksjx8YOEnEe4mcl1s4LP,unmapped,2022-05-16,AAPI Heritage,From Majority to Minority,,27,,,,AAPI Heritage: From Majority to Minority
7aggP8gff48UhCBx0wyK1d,mapped,2022-05-15,,The False Self,,52,Genesis 3:1-10,,,Part 4: The False Self
6GC5cQRs1uFRB7QUa0fX36,unmapped,2022-05-09,AAPI Heritage,Embracing Identity,,24,,,,AAPI Heritage: Embracing Identity
296mqmFXmHj5kjmAPr5nxy,mapped,2022-05-08,,Know Yourself,,44,Colossians 3:1-11,,,Part 3: Know Yourself
01B2COt5FBfQSTLg4h1oXy,excluded,2022-05-02,AAPI Heritage,Oregon’s Past & Future,,19,,,,AAPI Heritage: Oregon’s Past & Future
09bmObodRjj1xUBOT7yfkm,mapped,2022-05-01,,Know God,,39,Colossians 1:15-23,,,Part 2: Know God
6MPSSwFOtyQo9AnfS2twSD,unmapped,2022-04-26,,Prayer Room Celebration,,45,,,,Prayer Room Celebration
0GaF9sgJiiNY1FdmZfSsZY,unmapped,2022-04-24,,From Belief to Knowledge,,53,,,,Part 1: From Belief to Knowledge
2EEb6MJeVzheGBT0rFB4HP,mapped,2022-04-17,,The Life and Death and Life of Jesus Christ,,49,John 20:1-18,,,The Life and Death and Life of Jesus Christ
77NfYUocGeR4EjzLaw4Pib,mapped,2022-04-10,,Dignified Suffering,,58,Romans 8:14-17,,,Part 6: Dignified Suffering
2VfrhyVrmlKc8r5bfu7UUw,unmapped,2022-04-07,Q&R,A God of Love. A World of Suffering.,Tyler Staton and Tim Mackie,39,,,,Q&R: A God of Love. A World of Suffering.
3fAUNb9xyPY4T3NZeQxtTp,unmapped,2022-04-07,Lecture,A God of Love. A World of Suffering.,,54,,,,Lecture: A God of Love. A World of Suffering.
696WcnQWcNZxDUCTVcAdI6,mapped,2022-04-03,,Unanswered Prayer Pt. 2,,51,Matthew 7:7-8,Luke 18:1-8,,Part 5: Unanswered Prayer Pt. 2
14WbCVSsR8VbY8OwQSkID5,mapped,2022-03-27,,Unanswered Prayer Pt. 1,,38,John 11:1-3,,,Part 4: Unanswered Prayer Pt. 1
2xg6QIgm0xjjXxY0o0kEjh,unmapped,2022-03-22,,Resources for the Healing Journey,,38,,,,Resources for the Healing Journey
6BZr5ayea6u2iPNqyGKiNh,mapped,2022-03-20,,Made to Suffer,,48,Romans 8:18-28,,,Part 3: Made to Suffer
6XlMjuwSoaR0F2CEKgF1Ab,unmapped,2022-03-13,,Not What I Expected,,45,,,,Part 2: Not What I Expected
4LPGk5CWvXXx5lroz6gwpx,unmapped,2022-03-06,,The Birth and Death of Suffering,,66,,,,Part 1: The Birth and Death of Suffering
1O9ffLFtmnawh9rskUSXg4,unmapped,2022-02-28,Black History,Legacy & Identity,,36,,,,Black History: Legacy & Identity
26iQcloxskyE35BVkLtemx,mapped,2022-02-27,,Unceasing Prayer,,36,Acts 13:1-3,,,Part 8: Unceasing Prayer
5YryxDZzNyZscHOVgBYYup,excluded,2022-02-26,How to Hear God,Q&R,,13,,,,How to Hear God: Q&R
4pWlPFp3JrMmvOIbGNGHFB,excluded,2022-02-26,How to Hear God,Interview,,41,,,,How to Hear God: Interview
5tJ2fkx6I0F0KpaPj87P0I,unmapped,2022-02-21,Black History,Widening Our Imaginations,,25,,,,Black History: Widening Our Imaginations
6yA9WcJxXUhy0wEjTo7XUJ,mapped,2022-02-20,,For All Nations (Where Prayer Meets Justice),,44,Isaiah 56:1-8,,,Part 7: For All Nations (Where Prayer Meets Justice)
3oICYbhrJXgKwRhv2gf0ek,excluded,2022-02-14,Black History,Between Two Worlds,,14,,,,Black History: Between Two Worlds
61b5JGPSR7gIfPUSaO7p1V,mapped,2022-02-13,,Search Me and Know Me (Confession),,50,Psalm 51,,,Part 6: Search Me and Know Me (Confession)
5tNqYDyaUjC8FIDHniiaO1,unmapped,2022-02-07,Black History,Forgiveness & Spiritual Bypassing,,20,,,,Black History: Forgiveness & Spiritual Bypassing
6h8G3TamM3lpE4HaRI8Wqb,mapped,2022-02-06,,Daily Bread (Petition),,45,Matthew 6:9-13,,,Part 5: Daily Bread (Petition)
2qkNAfvdW04xXiIWPuswzP,excluded,2022-02-01,Black History,Oregon’s Past & Future,,20,,,,Black History: Oregon’s Past & Future
1V6tFoBpCpRq3DStdk3euH,mapped,2022-01-31,,First Love (Discipleship in Our Cultural Moment),,37,Revelation 2:1-7,,,First Love (Discipleship in Our Cultural Moment)
0cwRlfROwpeZ4DbpDeQIIH,unmapped,2022-01-29,,Presence and Power of God,,40,,,,Session 3: Presence and Power of God
6YEYZEwQxVrVFwLsKcviSE,unmapped,2022-01-29,,Prophecy in the Local Church,,52,,,,Session 2: Prophecy in the Local Church
7qrFiFcxcoSX5QLupapAuX,unmapped,2022-01-28,,Weapon of Praise,,46,,,,Session 1: Weapon of Praise
6Q9l4aAFafUBAAnZq4NArQ,unmapped,2022-01-23,,On Earth as It Is in Heaven (Intercession),,54,,,,Part 4: On Earth as It Is in Heaven (Intercession)
3AeDYI6q5qXEP5m9JtGEzf,unmapped,2022-01-16,,Hallowed Be Your Name (Adoration),,52,,,,Part 3: Hallowed Be Your Name (Adoration)
1PYUm3tpMm0ZHA1UaCEkfV,unmapped,2022-01-09,,Be Still and Know,,44,,,,Part 2: Be Still and Know
5LBE03mjKCkxHVHTH9fzrI,unmapped,2022-01-02,,Pray As You Can,,45,,,,Part 1: Pray As You Can
79F0vI2p4bJwXBILyfXJNm,mapped,2021-12-19,,God Made Known,,45,John 1:14,,,God Made Known
7wf9HcNXOEAYCCTDUJZbfG,unmapped,2021-12-12,,Born of God,,39,,,,Born of God
0hUaCeOyWY25bQwHfbLXGF,mapped,2021-12-05,Witness,Rejection,,45,John 1:6-11,,,Witness | Rejection
54mdy4HpS1g9RH0t8Xm7x1,unmapped,2021-11-28,Creation,New Creation,,38,,,,Creation | New Creation
5FkTquNg7anhqZirMMHoEe,unmapped,2021-11-21,,The Land of Inheritance,,50,,,,Part 9: The Land of Inheritance
0Cz1lbbWqAvxfgk4KmLxry,excluded,2021-11-18,Deliverance,Interview with Jon Thompson,Jon Thompson,59,,,,Deliverance: Interview with Jon Thompson
4H1zN5P8GjMe8Pno8T0WIG,unmapped,2021-11-17,Deliverance,Session 2 with Q&R,,55,,,,Deliverance: Session 2 with Q&R
0IUPW87MrSCTFUZnjoC3pX,unmapped,2021-11-17,Deliverance,Session 1 with Q&R,,50,,,,Deliverance: Session 1 with Q&R
0FmlYXfx6EROgDeYBZusYW,unmapped,2021-11-14,,The Subtle Tragedy of Nicodemus,,59,,,,Part 8: The Subtle Tragedy of Nicodemus
3srGqiCDypyHEYovX3Y67T,unmapped,2021-11-07,,Healing,,44,,,,Part 7: Healing
2sjUxTnnlcJ4PjhuHB08Sq,unmapped,2021-10-31,,Prophecy,,43,,,,Part 6: Prophecy
0aL9TbMLxaSL6HqZAa5251,unmapped,2021-10-17,,Power: Dove,,48,,,,Part 4: Power: Dove
3D90a8yLL9AoLnwuG5fdjL,unmapped,2021-10-10,,Person: Breath,,46,,,,Part 3: Person: Breath
6aFAOVQzLmf8k38MbNjtiX,unmapped,2021-10-03,,Presence: Water,,48,,,,Part 2: Presence: Water
1QAn0hyzc8vhoL9E4lh5IP,unmapped,2021-09-26,,A Familiar Stranger,,52,,,,Part 1: A Familiar Stranger
524HfsQQJtxE6usxoByT4U,unmapped,2021-09-19,,Practicing the Way of Jesus Together in Portland,,53,,,,Practicing the Way of Jesus Together in Portland
5YRWBgDGm0XYLxWGXQjZDR,unmapped,2021-09-12,,Be With Jesus. Become Like Jesus. Do What Jesus Did.,,47,,,,Be With Jesus. Become Like Jesus. Do What Jesus Did.
1PcNqGFS2pkMSwvvbM1qtJ,unmapped,2021-09-05,,Preaching a Disruptive Gospel,,55,,,,Part 8: Preaching a Disruptive Gospel
2R32OuyLedVulP93sa4334,unmapped,2021-08-29,,Live in a Way That Begs the Question,,50,,,,Part 7: Live in a Way That Begs the Question
3DZMvcm05IS0rBbLsqkHMq,unmapped,2021-08-22,,Doing The Stuff,,57,,,,Part 6: Doing The Stuff
2mQlUuVc1TMhzFYNmTVfVk,unmapped,2021-08-15,,Methods & Context,,48,,,,Part 5: Methods & Context
57t0iwSjehlucG1BmqpjwT,unmapped,2021-08-08,,Recognizing Where God is Already Working and Joining In,,49,,,,Part 4: Recognizing Where God is Already Working and Joining In
0WYYDsLCCIEAf2doLzG8kK,unmapped,2021-08-01,,Practice Hospitality,,47,,,,Part 3: Practice Hospitality
5I1i2QinXKb84n4OQJMZu6,unmapped,2021-07-25,,The Four American Gospels,,53,,,,Part 2: The Four American Gospels
09SAKitwdLqyymxGGhm0nV,unmapped,2021-07-18,,What is the Gospel?,,54,,,,Part 1: What is the Gospel?
0T0bTtzoMYweK97p75A7TD,unmapped,2021-07-11,,Blessing the Nations,,46,,,,Blessing the Nations
6y07pDTSAyp7mMhtGzZIUA,unmapped,2021-07-04,,Come and See,,51,,,,Come and See
1SIYGpkJsIExvziM8rCu9I,unmapped,2021-06-27,,God is dead. You're next.,,44,,,,God is dead. You're next.
2vrILGLSCpksNbzxrClMfU,unmapped,2021-06-20,,Honor & Shame,,44,,,,Honor & Shame
1cbZXgNSVfPuwDiCkpUgVL,unmapped,2021-06-13,,The Differentness of God,,48,,,,The Differentness of God
28BsZ3ThsZUL3pG5GphmDV,unmapped,2021-06-06,,"Sonship, Kinship, and Citizenship in the Kingdom of God",,46,,,,"Sonship, Kinship, and Citizenship in the Kingdom of God"
4kGovZ0V4ojzWbKnjUHxB1,unmapped,2021-05-30,,Gethsemane Prayer,,52,,,,Gethsemane Prayer
793QXbwKNryis0IztDhdbL,unmapped,2021-05-23,,Unhindered,,46,,,,Unhindered
1OxD3zJoOPdU5PMtTHQrgO,unmapped,2021-05-19,,Prayer Training with Tyler Staton,Tyler Staton,51,,,,Prayer Training with Tyler Staton
7ylqaxJbql4lniLHsDS5rh,unmapped,2021-05-16,,To Strengthen The Failing Heart,,50,,,,To Strengthen The Failing Heart
6C9cCAdtjmD6QRC28JmOuf,unmapped,2021-05-09,,"The Way of Mercy, Integrity, & Humility",,47,,,,"The Way of Mercy, Integrity, & Humility"
15G6b8qbpFPPWkeaJVauKH,unmapped,2021-05-02,,Love is the Measure,,47,,,,Love is the Measure
7xtlyc1uFFMpwUehL0MUJw,unmapped,2021-04-25,,Render unto Caesar,,42,,,,Render unto Caesar
4dKpmqlAfW9uqfZLPiwZsm,unmapped,2021-04-18,,Believing Amidst Disappointment,,53,,,,Believing Amidst Disappointment
2MKtzStl2Qh5sjbftnC1gR,unmapped,2021-04-11,,"A Community of Justice, Mercy, and Peace in a Culture of Social Darwinism",,56,,,,"Part 10: A Community of Justice, Mercy, and Peace in a Culture of Social Darwinism"
2BzRCh17FcDgBcq8Zfb6hA,unmapped,2021-04-04,,Future Church for the Future World,,38,,,,Part 9: Future Church for the Future World
5qmk8MmuogZVHKjcwnMdRQ,unmapped,2021-03-28,,A Community of Rest in a Culture of Exhaustion,,43,,,,Part 8: A Community of Rest in a Culture of Exhaustion
2J5kFjiipmdNdfzmMXiMj6,unmapped,2021-03-21,,A Community of Contribution in a Culture of Careerism,,35,,,,Part 7: A Community of Contribution in a Culture of Careerism
4vVCPBSDJhEuXUEhxWktSL,excluded,2021-03-21,,Bridgetown Church Leadership Announcement,,18,,,,Bridgetown Church Leadership Announcement
7qGDIis72EQdd1yWQID5Qy,unmapped,2021-03-14,,A Community of Peacemakers in a Culture of Political Polarization,,44,,,,Part 6: A Community of Peacemakers in a Culture of Political Polarization
4Huni0f33r8RX5fbXmC8f7,excluded,2021-03-12,Daily,A Closing Sabbath Benediction,,15,,,,Daily: A Closing Sabbath Benediction
0wrdOQ9PCB3Qm02jCcknVA,excluded,2021-03-11,Daily,The Blessing Of Change,,8,,,,Daily: The Blessing Of Change
6IGcg1J7VrDZ1jJncW9Z52,excluded,2021-03-10,Daily,Striking The Rock,,14,,,,Daily: Striking The Rock
5n70HGEh5saLWUCV8bjsPM,excluded,2021-03-09,Daily,Eternity In Heart,,10,,,,Daily: Eternity In Heart
3ZWBZezV8HfrffhSn0fZBz,excluded,2021-03-08,Daily,You Are A Body,,17,,,,Daily: You Are A Body
724BTt3JYhH31ayDnsF8n0,unmapped,2021-03-07,,A Community of Peace in a Culture of Outrage and Fear,,47,,,,Part 5: A Community of Peace in a Culture of Outrage and Fear
1hy9XOkJayLOPjiALKdkev,excluded,2021-03-05,Daily,Thank You,,8,,,,Daily: Thank You
1xBvz1IQrOv33zyjTjqEax,unmapped,2021-03-04,Q&R,Deconstrucion & Doubt with A.J. Swoboda,,38,,,,Q&R: Deconstrucion & Doubt with A.J. Swoboda
7BOTdZE5AuqtNagMFnz3Rq,unmapped,2021-03-04,,Deconstruction & Doubt with A.J. Swoboda,,46,,,,Deconstruction & Doubt with A.J. Swoboda
57Wapf3fEg4dQVjAh3ekGF,excluded,2021-03-04,Daily,Soul Inventory,,9,,,,Daily: Soul Inventory
5hwAmqdY7CL2zKQAwvj7eD,excluded,2021-03-03,Daily,"God Creates, The Enemy Distorts",,18,,,,"Daily: God Creates, The Enemy Distorts"
4GAVzWOgx52g9C7CSPdn3e,excluded,2021-03-02,Daily,Spending Time With Jesus,,15,,,,Daily: Spending Time With Jesus
5QGQB22AtINrndH1bvPsUb,excluded,2021-03-01,Daily,Our Comfort Abounds Through Christ,,12,,,,Daily: Our Comfort Abounds Through Christ
4BNiGZg2x9sZX43WpBtWBn,unmapped,2021-02-28,,A Community of Holiness in a Culture of Moral Relativism,,57,,,,Part 4: A Community of Holiness in a Culture of Moral Relativism
4qpFreL3ApYi8aNDSTV66e,excluded,2021-02-26,Daily,Togetherness & Black History,,13,,,,Daily: Togetherness & Black History
4jaZY61wSV1o43XU1CMYjc,excluded,2021-02-25,Daily,Reflection on Psalm 139,,12,Psalm 139,,,Daily: Reflection on Psalm 139
71WEeuemQI6Dyrn7la3D8H,excluded,2021-02-24,Daily,Presence in the Darkness,,12,,,,Daily: Presence in the Darkness
5E2HpWvwdcJJqLmsDxpDTn,excluded,2021-02-23,Daily,Lamin Sanneh & Black History,,13,,,,Daily: Lamin Sanneh & Black History
3wiyDM8RYXDjZTypwX7Ihf,excluded,2021-02-22,Daily,Earth Has Nothing I Desire Besides You,,11,,,,Daily: Earth Has Nothing I Desire Besides You
3yxs9hLxJtNKYE3chEWOzg,unmapped,2021-02-21,,A Community of Orthodoxy in a Culture of Ideological Idolatry,,56,,,,Part 3: A Community of Orthodoxy in a Culture of Ideological Idolatry
50eSxTBcu8CGRF6kfaJNhA,excluded,2021-02-19,Daily,Remember,,9,,,,Daily: Remember
5NWpIvdCCbYzADj3B3hh21,excluded,2021-02-18,Daily,Maternal Wisdom & Black History,,16,,,,Daily: Maternal Wisdom & Black History
6pUT9MIREDGTyjncc1Ipm3,excluded,2021-02-17,Daily,"Impatience, the Enemy of Faith",,8,,,,"Daily: Impatience, the Enemy of Faith"
6iT2zEGBysFwY2smiofucY,excluded,2021-02-16,Daily,Praying for Our City,,9,,,,Daily: Praying for Our City
36NV5wtEXAYScBYC5JYnhZ,excluded,2021-02-15,Daily,Overflowing with Thankfulness,,14,,,,Daily: Overflowing with Thankfulness
4QTrkWOsJDh0ix9ZyJv75z,unmapped,2021-02-14,,A Community of Tight-knit Loving Relationships in a Culture of Individualism and Tribalism,,56,,,,Part 2: A Community of Tight-knit Loving Relationships in a Culture of Individualism and Tribalism
4iA8MVhlsoXiYPKQMuMTWX,excluded,2021-02-14,,An Interview with Jonathan Tremaine Thomas for Black History Month,Jonathan Tremaine Thomas,101,,,,An Interview with Jonathan Tremaine Thomas for Black History Month
13GpGft54aUt66tckcYZfV,excluded,2021-02-12,Daily,Inclusivity & Black History,,9,,,,Daily: Inclusivity & Black History
3EhdQTvWfKtklbrfWPoycD,excluded,2021-02-11,Daily,Grief & It's Longings,,8,,,,Daily: Grief & It's Longings
1YWn1bGLgnHECbxVuKiHs2,excluded,2021-02-10,Daily,God & the Thick Darkness,,12,,,,Daily: God & the Thick Darkness
72ftb1G6t2wwjIBFdYZd35,excluded,2021-02-09,Daily,Bryan Stevenson & Black History,,11,,,,Daily: Bryan Stevenson & Black History
1zSRs0YENpHlikUd5iSBjz,excluded,2021-02-08,Daily,"Quick To Listen, Slow To Speak",,15,,,,"Daily: Quick To Listen, Slow To Speak"
454TM66AWgQbk2fPMYXnlU,unmapped,2021-02-07,,It's Time to Dream Again,,39,,,,Part 1: It's Time to Dream Again
24xblzYgXgaEqeCzR9p2pz,excluded,2021-02-05,Daily,Words,,9,,,,Daily: Words
6pGmDOoZCpsE986PKJ8vec,excluded,2021-02-04,Daily,The Wilderness,,8,,,,Daily: The Wilderness
2BpnXcAAIncbyiKsPMt1b0,excluded,2021-02-03,Daily,William J. Seymour & Black History,,12,,,,Daily: William J. Seymour & Black History
3QGiJArIbB85x0NfsoE2ZP,excluded,2021-02-02,Daily,Imaginative Prayer,,16,,,,Daily: Imaginative Prayer
71GEQrZMHVIj2ZMVbo3T56,excluded,2021-02-01,Daily,Faithfulness & Black History,,11,,,,Daily: Faithfulness & Black History
2EjV8SWPBY9f04LjKkc247,unmapped,2021-01-31,,Steps Into Suffering,,45,,,,Steps Into Suffering
34T0ZlyGoTaq62d76f6Ma8,excluded,2021-01-29,Daily,Stay In Your Cell,,12,,,,Daily: Stay In Your Cell
2X4KbmS08nsoqwo1DRUrvr,excluded,2021-01-28,Daily,Obedience Is Better Than Sacrifice,,8,,,,Daily: Obedience Is Better Than Sacrifice
4Z1Dl7RqL2eYg9Z5brEVLg,excluded,2021-01-27,Daily,Praying the Scriptures,,11,,,,Daily: Praying the Scriptures
6bj35o71ZQiYNL8SPy4DDm,excluded,2021-01-26,Daily,Guest Post from Tyler Staton of Oaks Church Brooklyn,,14,,,,Daily: Guest Post from Tyler Staton of Oaks Church Brooklyn
074gIijm8jE5SinfkBcZeg,excluded,2021-01-25,Daily,Accepting Limits,,13,,,,Daily: Accepting Limits
4b6q4w3E7d3oYL9Mek8UwD,unmapped,2021-01-24,,Godly Ambition,,38,,,,Godly Ambition
74h9OxL89juVxeovQLF3Ve,excluded,2021-01-22,Daily,Body & Soul,,12,,,,Daily: Body & Soul
57KUjh1FQZOjymz6roAh5o,excluded,2021-01-21,Daily,Wonder,,9,,,,Daily: Wonder
24XJcDhkUHB4We0sNpjjNg,excluded,2021-01-20,Daily,Remember,,12,,,,Daily: Remember
4loXEiway8xfKDk25qXEIc,excluded,2021-01-19,Daily,Perspective for Exile,,11,,,,Daily: Perspective for Exile
7xehrpet0zE20i51bDuTWH,excluded,2021-01-18,Daily,Love Puts in Work,,9,,,,Daily: Love Puts in Work
2fUaDtb9Y49KUt7fNcwrXM,unmapped,2021-01-17,,Walking with God in a time of Chaos,,47,,,,Walking with God in a time of Chaos
3cli2BCKT1a9rHON6F1fFh,excluded,2021-01-15,Daily,Inner Winter,,9,,,,Daily: Inner Winter
5tRB9BmTCrdO95DcTGKbW5,excluded,2021-01-14,Daily,Paying Attention,,9,,,,Daily: Paying Attention
1Fp02vO3iDvrczhhyudtQI,excluded,2021-01-13,Daily,One Thing Is Required,,11,,,,Daily: One Thing Is Required
1tjEOmLMesruEVJO0pjUvo,excluded,2021-01-12,Daily,Practice Gratitude,,14,,,,Daily: Practice Gratitude
4aTkXAFI533w7ar6fiKY3K,excluded,2021-01-11,Daily,Jars of Clay,,17,,,,Daily: Jars of Clay
4VTlK6614aXQPr04NwXdlf,unmapped,2021-01-10,,Finding God in All Things,,52,,,,Part 2: Finding God in All Things
5r2TdfbPCloUOftRxniRpO,excluded,2021-01-08,Daily,Emmanuel (With Us Still),,10,,,,Daily: Emmanuel (With Us Still)
135LObEgNvWHgwVUkjytP9,excluded,2021-01-07,Daily,Divine Tenderness,,9,,,,Daily: Divine Tenderness
4y6PXRHEAOJOeLdsJLmnGP,excluded,2021-01-06,Daily,Coming Home,,13,,,,Daily: Coming Home
5ZJGbPNEKPta8mNI52MTeM,excluded,2021-01-05,Daily,The Lord's Prayer,,12,,,,Daily: The Lord's Prayer
3hjBtAfvczx78qBTp5515n,excluded,2021-01-04,Daily,The Paschal Cycle,,15,,,,Daily: The Paschal Cycle
2kTYo8oNcCK9tiSy6BxZcX,excluded,2021-01-03,,Fixed Hour Prayer,,13,,,,Fixed Hour Prayer
6PpVDBDWLCXj1XAFFp4njt,unmapped,2021-01-03,,Teach us to Pray,,39,,,,Part 1: Teach us to Pray
